mu_r,sphere_k0.5,cylinder_k0.5,sphere_k0.95,cylinder_k0.95
1.0,0.8055555555555556,0.8125,0.9683055555555555,0.975625
1.023292992280754,0.8010468740861231,0.8081516365489302,0.9675678421221481,0.9750575556680012
1.0471285480508996,0.7964756133672491,0.8037414517455231,0.9668140734365893,0.9744775612188005
1.0715193052376064,0.7918422362621291,0.7992697940658937,0.9660439283536809,0.9738847556171079
1.096478196143185,0.7871472508001657,0.7947370540546738,0.9652570804931757,0.9732788731110066
1.1220184543019633,0.7823912104131021,0.7901436647061569,0.9644531982114855,0.9726596431807862
1.1481536214968828,0.777574714113369,0.7854901017973397,0.9636319445762868,0.9720267904889437
1.1748975549395295,0.7726984066129118,0.7807768841709058,0.9627929773442037,0.9713800348314651
1.202264434617413,0.7677629783808456,0.776004573966254,0.9619359489417564,0.9707190910905067
1.2302687708123814,0.762769165638391,0.7711737767967252,0.9610605064497703,0.9700436691885967
1.2589254117941673,0.7577177502896448,0.7662851418712618,0.960166291591444,0.9693534740444858
1.288249551693134,0.7526095597868606,0.7613393620588064,0.9592529407242862,0.9686482055307785
1.318256738556407,0.7474454669290337,0.7563371738938347,0.9583200848361334,0.9679275584334864
1.3489628825916535,0.7422263895927262,0.7512793575215212,0.9573673495454694,0.9671912224136464
1.3803842646028848,0.7369532903942053,0.7461667365811373,0.9563943551062746,0.9664388819711527
1.4125375446227544,0.7316271762821193,0.7410001780264032,0.9554007164176374,0.965670216410961
1.4454397707459274,0.7262490980600977,0.7357805918816372,0.9543860430383702,0.9648848998118256
1.4791083881682074,0.7208201498388288,0.730508930932683,0.9533499392068756,0.9640826009977381
1.5135612484362082,0.7153414684173355,0.7251861903517403,0.9522920038665177,0.9632629835122404
1.5488166189124812,0.7098142325933599,0.7198134072553724,0.951211830696758,0.9624257055957947
1.5848931924611136,0.7042396624029463,0.7143916601951281,0.9501090081503232,0.9615704201663972
1.62181009735893,0.6986190182895093,0.7089220685803818,0.9489831194966776,0.9606967748036275
1.6595869074375607,0.6929536002028619,0.7034057920331668,0.9478337428720792,0.9598044117363349
1.6982436524617444,0.6872447466288908,0.6978440296749633,0.9466604513365058,0.9588929678341682
1.7378008287493754,0.6814938335507581,0.6922380193455854,0.9454628129377385,0.9579620746031613
1.7782794100389228,0.6757022733427177,0.6865890367545013,0.9442403907829047,0.9570113581855961
1.8197008586099834,0.6698715135978445,0.6808983945651224,0.942992743117776,0.9560404393643672
1.8620871366628675,0.664003035891175,0.6751674414127897,0.9417194234141335,0.9550489335720833
1.9054607179632472,0.6580983544799677,0.6693975608573919,0.9404199804655061,0.9540364509051437
1.9498445997580451,0.6521590149429956,0.6635901702717505,0.9390939584916024,0.9530025961430394
1.9952623149688795,0.6461865927609828,0.6577467196671126,0.9377408972517522,0.9519469687731267
2.041737944669529,0.6401826918404961,0.6518686904572959,0.9363603321676821,0.9508691630211389
2.0892961308540396,0.6341489429837942,0.6459575941632292,0.9349517944559489,0.9497687678876972
2.137962089502232,0.6280870023073255,0.6400149710598392,0.933514811270361,0.9486453671910967
2.1877616239495525,0.6219985496117441,0.6340423887674232,0.9320489058547162,0.9474985396166438
2.23872113856834,0.6158852867064853,0.6280414407898445,0.9305535977061863,0.9463278587728295
2.290867652767773,0.6097489356921085,0.6220137450020723,0.9290284027496796,0.9451328932546313
2.344228815319922,0.6035912372037642,0.615960942089773,0.9274728335235132,0.9439132067142355
2.3988329190194904,0.5974139486192865,0.609884693943823,0.9258863993767233,0.9426683579394856
2.4547089156850306,0.5912188422355494,0.6037866820127912,0.9242686066783421,0.9413979009403579
2.51188643150958,0.5850077034168322,0.5976686056165835,0.9226189590389627,0.9401013850437798
2.570395782768864,0.5787823287190579,0.591532180224595,0.9209369575449192,0.9387783549971026
2.6302679918953817,0.5725445239938539,0.5853791357018443,0.9192221010053886,0.9374283510805481
2.6915348039269156,0.5662961024764649,0.5792112145266923,0.9174738862127323,0.9360509092289537
2.7542287033381663,0.5600388828616096,0.5730301699838526,0.9156918082163736,0.9346455611631367
2.8183829312644537,0.5537746873714253,0.5668377643364997,0.9138753606105082,0.9332118345312108
2.884031503126606,0.5475053398196726,0.560635766981368,0.9120240358359301,0.9317492530601796
2.951209226666386,0.541232663676393,0.5544259525907944,0.910137325496245,0.9302573367181397
3.019951720402016,0.5349584801372148,0.5482100992457202,0.9082147206887348,0.9287356018874248
3.0902954325135905,0.5286846062014826,0.5419899865637005,0.906255712350114,0.9271835615490188
3.1622776601683795,0.5224128527633647,0.5357673938259978,0.9042597916174143,0.9256007254785724
3.2359365692962827,0.5161450227200381,0.5295440981078394,0.9022264502042052,0.9239866004543441
3.311311214825911,0.5098829091009957,0.523321872415914,0.9001551807923499,0.9223406904773963
3.3884415613920256,0.5036282932224413,0.5171024838371586,0.8980454774394669,0.920662497004364
3.4673685045253166,0.4973829428706487,0.5108876917028491,0.8958968360022501,0.9189515191931129
3.548133892335755,0.4911486105180551,0.5046792457719502,0.8937087545757745,0.9172072541615974
3.630780547701014,0.48492703157573924,0.49847888443761945,0.8914807339488879,0.9154291972602203
3.715352290971726,0.47871992268580715,0.49228833296066554,0.8892122780757631,0.9136168423579897
3.8018939632056115,0.47252898005706045,0.4861093017336746,0.8869028945636503,0.9117696821427568
3.890451449942806,0.4663558778471675,0.4799434845793994,0.8845520951768445,0.9098872084358098
3.9810717055349722,0.4602022665943964,0.4737925570868854,0.8821593963568418,0.9079689125210848
4.073802778041127,0.4540697717017854,0.4676581749886719,0.8797243197586252,0.9060142854892388
4.168693834703354,0.4479599919764507,0.4615419725822565,0.877246392802984,0.904022818596822
4.265795188015926,0.4418744982265325,0.45544556119885443,0.8747251492447264,0.901994003640759
4.36515832240166,0.43581483191808706,0.44937052772231684,0.8721601297566065,0.8999273333483384
4.466835921509632,0.4297825038940237,0.44331843316089103,0.8695508825287382,0.8978223017828861
4.570881896148751,0.4237789931569811,0.4372908112743274,0.8668969638832266,0.8956784047652746
4.677351412871983,0.41780574571781903,0.43128916725863753,0.8641979389036939,0.8934951403113998
4.786300923226384,0.4118641735111946,0.42531497649061945,0.8614533820793311,0.8912720090857269
4.8977881936844625,0.4059556533794655,0.41936968333405406,0.8586628779630475,0.8890085148709841
5.011872336272724,0.40008152612595554,0.4134547000092774,0.8558260218432432,0.886704165054045
5.1286138399136485,0.39424309563839405,0.40757140552762144,0.8529424204286665,0.8843584711280208
5.248074602497725,0.38844162808312926,0.401721144692001,0.850011692545765,0.8819709492105343
5.370317963702527,0.382678351170504,0.39590522716472293,0.847033469847875,0.8795411205781282
5.495408738576245,0.37695445349156964,0.3901249266033691,0.8440073975355357,0.877068512216706
5.62341325190349,0.3712710839261126,0.38438147986540366,0.840933135087152,0.8745526573878778
5.7543993733715695,0.3656293511217685,0.3786760862819447,0.8378103569991611,0.8719930962110307
5.88843655355589,0.3600303230438012,0.3730099070009316,0.8346387535348009,0.8693893762609054
6.025595860743578,0.35447502659494234,0.36738406439972215,0.8314180314805037,0.8667410531804093
6.165950018614822,0.34896444730450304,0.36179964156695793,0.8281479149088792,0.8640476913083541
6.309573444801933,0.3434995290857981,0.3562576818533381,0.8248281459471788,0.8613088643217488
6.4565422903465555,0.33808117406076166,0.35075918849076765,0.8214584855500683,0.85852415589223
6.606934480075961,0.3327102424504746,0.34530512427915855,0.8180387142754685,0.8556931603561574
6.760829753919819,0.3273875525301816,0.33989641133999854,0.8145686330621555,0.8528154833978452
6.918309709189364,0.32211388064723784,0.33453393093563716,0.8110480640077448,0.8498907427453404
7.079457843841379,0.3168899613002976,0.32921852335308205,0.8074768511456217,0.8469185688781024
7.244359600749901,0.3117164872779464,0.3239509878509634,0.8038548612193119,0.8438986057458762
7.413102413009175,0.3065941098548627,0.31873208266817293,0.8001819844527239,0.8408305114979874
7.5857757502918375,0.3015234390435101,0.313562525092574,0.7964581353146359,0.8377139592222241
7.762471166286917,0.29650504389926524,0.30844299158805105,0.7926832532757392,0.8345486376924078
7.943282347242816,0.29153945287681915,0.3033741179780669,0.7888573035564936,0.831334252123686
8.128305161640993,0.28662715423561974,0.2983564996837955,0.7849802778639984,0.8280705249345162
8.31763771102671,0.28176859649206937,0.2933906920148141,0.7810521951160287,0.8247571965142415
8.511380382023766,0.27696418891614627,0.2884772105102619,0.7770731021503497,0.8213940259950911
8.709635899560807,0.27221430207008424,0.2836165313283042,0.773043074417364,0.8179807920273735
8.912509381337456,0.26751926838671336,0.2788090916816837,0.7689622166541258,0.8145172935565589
9.120108393559097,0.26287938278505674,0.27405529031710174,0.7648306635377123,0.8110033506008879
9.33254300796991,0.25829490332075744,0.26935548803611786,0.7606485803159192,0.8074388050280683
9.549925860214358,0.25376605186892265,0.26471000825525026,0.756416163413223,0.8038235213295677
9.772372209558107,0.249293014836968,0.2601191376029171,0.7521336410099427,0.8001573873909352
10.0,0.24487594390507014,0.25558312655086846,0.7478012735925166,0.7964403152565374
10.232929922807541,0.24051495679185295,0.25110219007774154,0.7434193544728135,0.79267224188702
10.471285480508996,0.23621013804296093,0.24667650836238422,0.738988210274401,0.7888531299077638
10.715193052376065,0.23196153984021634,0.24230622750460698,0.7345082013837032,0.784982968346539
10.964781961431852,0.2277691828290885,0.23799146027103532,0.7299797223640051,0.7810617733585199
11.220184543019636,0.2236330569622592,0.23373228686377157,0.7254032023302829,0.777089588936767
11.481536214968829,0.219553122357114,0.22952875570960019,0.7207791052828837,0.7730664876062503
11.748975549395297,0.21552931016504823,0.22538088426751637,0.7161079303981143,0.7689925710994412
12.02264434617413,0.2115615234505385,0.2212886598523947,0.71139021227386,0.7648679710114722
12.302687708123818,0.2076496380779883,0.21725204047267407,0.7066265211284125,0.7606928494328332
12.589254117941675,0.20379350360443216,0.21327095567997761,0.7018174629507559,0.7564673995575525
12.882495516931343,0.19999294417624527,0.20934530742865293,0.6969636796006475,0.752191846264792
13.182567385564074,0.1962477594280795,0.20547497094327852,0.6920658488569097,0.7478664466717809
13.48962882591654,0.19255772538232419,0.20165979559223937,0.6871246844124528,0.7434914906560027
13.803842646028853,0.18892259534746042,0.1978996057655547,0.6821409358146566,0.7390673013445601
14.125375446227547,0.1853421008137582,0.19419420175519866,0.6771153883498489,0.7345942355686509
14.454397707459272,0.18181595234483852,0.190543360636236,0.6720488628707483,0.7300726842811079
14.791083881682072,0.17834384046370896,0.1869468371471603,0.6669422155658649,0.7255030729349845
15.13561248436208,0.17492543653194662,0.18340436456790488,0.6617963376700008,0.7208858618212007
15.488166189124811,0.17156039362079264,0.1799156555940637,0.6566121551151288,0.7162215463633103
15.848931924611133,0.16824834737299219,0.176480403205943,0.6513906281210899,0.7115106573675017
16.218100973589298,0.1649889168542915,0.17309828153113538,0.6461327507257087,0.7067537612260094
16.595869074375607,0.161781705393583,0.1697689466993864,0.6408395502540906,0.7019514600721752
16.98243652461744,0.15862630141075978,0.16649203768860063,0.6355120867270388,0.697104391885491
17.378008287493753,0.1555222792314144,0.16326717716090405,0.6301514522087049,0.6922132305450277
17.78279410038923,0.15246919988759494,0.16009397228776243,0.6247587700937669,0.687278685829766
18.197008586099834,0.1494666119038879,0.15697201556322007,0.6193351943346131,0.6823015033644414
18.620871366628673,0.14651405206818297,0.15390088560440068,0.613881908609197,0.6772824645096323
19.054607179632473,0.14361104618652634,0.1508801479384785,0.6084001254304154,0.672222386194948
19.498445997580454,0.14075710982153813,0.14790935577540415,0.6028910851980493,0.6671221206942971
19.952623149688797,0.13795174901393742,0.1449880507657233,0.597356055194501,0.6619825553423598
20.417379446695296,0.13519446098676746,0.14211576374290796,0.5917963285257404,0.6568046121915356
20.892961308540396,0.13248473483197973,0.13929201544967065,0.5862132230090669,0.6515892476087863
21.379620895022324,0.12982205217908463,0.13651631724779606,0.5806080800094717,0.6463374518119587
21.87761623949553,0.12720588784563544,0.13378817181108857,0.5749822632265654,0.641050248345336
22.3872113856834,0.12463571046935484,0.13110707380108527,0.56933715743421,0.6357286934943361
22.908676527677734,0.12211098312176787,0.1284725105252385,0.5636741671751642,0.6303738756394557
23.442288153199225,0.11963116390324696,0.12588396257732892,0.557994715413212,0.6249869145497328
23.98832919019491,0.11719570651941633,0.12334090445991298,0.5523002421454,0.6195689606161914
24.547089156850312,0.1148040608389109,0.12084280518866407,0.5465922029771537,0.6141211940259113
25.11886431509581,0.11245567343251298,0.1183891288785014,0.5408720676631853,0.6086448238775569
25.703957827688633,0.11014998809373061,0.11597933531145467,0.5351413186172251,0.6031410872393888
26.302679918953814,0.1078864463409203,0.11361288048624107,0.5294014493937361,0.5976112481509654
26.915348039269155,0.10566448790107723,0.11128921714958222,0.5236539631448672,0.5920565965699381
27.542287033381662,0.1034835511754543,0.10900779530930814,0.5179003710560013,0.5864784472655168
28.183829312644534,0.10134307368719217,0.10676806272934722,0.5121421907633331,0.5808781386603808
28.84031503126606,0.09924249251117227,0.10456946540671298,0.5063809447569815,0.5752570316229761
29.512092266663856,0.09718124468632532,0.10241144803064596,0.5006181587731967,0.5696165082123221
30.19951720402016,0.09515876761064472,0.10029345442407896,0.4948553601792644,0.5639579703776191
30.902954325135905,0.09317449941918331,0.09821492796763201,0.4890940763547353,0.5582828386151101
31.622776601683793,0.0912278793453165,0.0961753120063586,0.4833358330726281,0.5525925505848034
32.359365692962825,0.08931834806558164,0.0941740502394871,0.4775821528842472,0.5468885596898163
33.11311214825911,0.08744534802840888,0.09221058709342189,0.47183455351124665,0.5411723336212307
33.884415613920254,0.08560832376707513,0.0902843680782847,0.4660945462485447,0.5354453528714869
34.673685045253166,0.08380672219722247,0.08839484012829059,0.4603636343816462,0.5297091092194542
35.48133892335755,0.08203999289929179,0.08654145192627213,0.4546433116218827,0.5239651041904309
36.30780547701014,0.08030758838622745,0.08472365421266691,0.44893506056300353,0.518214847494411
37.15352290971726,0.07860896435682113,0.0829409000793106,0.44324035116247507,0.512459855446052
38.018939632056124,0.07694357993506047,0.08119264524836808,0.43756063925074873,0.506701649369832
38.90451449942807,0.07531089789585842,0.07947834833675738,0.4318973650716539,0.5009417539939564
39.810717055349734,0.07371038487754197,0.07779747110642354,0.42625195185695597,0.4951816958366079
40.73802778041128,0.07214151158147367,0.07614947870082035,0.4206258044379877,0.4894230015881659
41.68693834703355,0.07060375295919075,0.0745338398679698,0.41502030789712996,0.483667196493037
42.657951880159274,0.06909658838743653,0.07295002717046327,0.4094368262617705,0.4779158027347434
43.65158322401661,0.06761950183146949,0.07139751718278252,0.4038767012432101,0.4721703378278946
44.668359215096324,0.06617198199701854,0.06987579067630474,0.39834125102283047,0.4664323130206504
45.708818961487516,0.06475352247126938,0.06838433279237163,0.392831769087663,0.4607032317112396
46.77351412871981,0.06336362185324564,0.06692263320378848,0.3873495231173285,0.4549845878820397
47.86300923226383,0.06200178387395638,0.06549018626512586,0.38189575392413494,0.44927786455466495
48.97788193684461,0.060667517506678155,0.06408649115219382,0.37647167444793994,0.44358453226942374
50.11872336272722,0.05936033706772545,0.06271105199105227,0.37107846880719864,0.4379060475924122
51.28613839913648,0.05807976230806668,0.06136337797691931,0.36571729140742887,0.43224385165341367
52.48074602497726,0.05682531849613776,0.06004298348333883,0.36038926610813793,0.42659936871764953
53.70317963702527,0.055596536492193725,0.05874938816195762,0.35509548544906727,0.4209740047943066
54.954087385762456,0.05439295281453477,0.0574821170332652,0.3498370099364212,0.415369146284627
56.23413251903491,0.05321410969794266,0.056240700568635345,0.3446148673895613,0.40978615867220136
57.543993733715695,0.05205955514464649,0.05502467476401207,0.3394300523484647,0.40422638525795235
58.8843655355589,0.050928842968138086,0.05383358120557034,0.33428352554206076,0.39869114594213495
60.25595860743578,0.04982153283014571,0.052666967127676524,0.3291762134173881,0.39318173605551154
61.65950018614822,0.048737190271072116,0.051524385463469574,0.32410900772933904,0.3876994252416854
63.09573444801933,0.04767538673418737,0.0504053948883752,0.3190827651905916,0.38224545639239826
64.56542290346556,0.046635699583868914,0.049309559856858476,0.31409830718117177,0.3768210446374155
66.06934480075961,0.04561771211816853,0.04823645063271371,0.3091564195169306,0.3714273763904379
67.60829753919819,0.04462101357597832,0.04718564331318297,0.3042578522760747,0.3660656084522891
69.18309709189366,0.04364519913905994,0.046156719847187444,0.2994033196827507,0.36073686717244163
70.79457843841381,0.04268986992919744,0.04514926804794806,0.2945935000465493,0.35544224766975524
72.44359600749902,0.04175463300072316,0.04416288160026676,0.2898290357566721,0.350182813113114
74.13102413009177,0.04083910132865687,0.04319716006272425,0.28511053332938957,0.3449595940624582
75.8577575029184,0.03994289379269323,0.04225170886505731,0.2804385635073082,0.3397735878705303
77.62471166286919,0.03906563515727099,0.041326139300954225,0.27581366140887237,0.33462575814546647
79.43282347242817,0.03820695604793248,0.04042006851651205,0.271236326726431,0.3295170342741909
81.28305161640995,0.03736649292419724,0.03953311949458705,0.2667070239711232,0.3244483110063989
83.17637711026708,0.036543888049147245,0.03866492103526238,0.26222618276276305,0.3194204480987456
85.11380382023764,0.03573878945592566,0.037815107732648054,0.25779419816284327,0.3144342700186964
87.09635899560806,0.03495085091133947,0.03698331994822693,0.2534114310487215,0.30949056570734085
89.12509381337455,0.0341797318767474,0.03616920378094731,0.2490782085270089,0.30459008840032376
91.20108393559097,0.03342509746641475,0.03537241103425691,0.244794824384146,0.2997335555059061
93.3254300796991,0.03268661840350183,0.03459259918026747,0.24056153957211773,0.29492164853903524
95.49925860214358,0.031963970973851556,0.033829431321234935,0.2363785827272459,0.2901550131101812
97.72372209558107,0.031256836977734126,0.03308257614852484,0.23224615071997712,0.28543425896757785
100.0,0.0305649036796986,0.03235170789923547,0.2281644092335888,0.28075996009139875
102.32929922807547,0.029887863756678575,0.03163650631063979,0.22413349336972715,0.27613265483830185
104.71285480508996,0.02922541524448718,0.030936656572599742,0.22015350827871102,0.2715528461346846
107.1519305237607,0.028577261482840215,0.03025184927810836,0.21622452981253978,0.26702100171690935
109.64781961431851,0.027943111059030558,0.029581780372094208,0.21234660519857912,0.26253755441668947
112.2018454301963,0.02732267775037771,0.028926151098634733,0.20851975373190862,0.2581029024897606
114.81536214968828,0.026715680465568055,0.02828466794670412,0.2047439674843648,0.25371740998590675
117.48975549395291,0.026121843184999473,0.02765704259458492,0.20101921202833808,0.2493814071583695
120.22644346174131,0.025540894900235155,0.027042991853063098,0.19734542717343106,0.245095190910621
123.02687708123811,0.024972569552667443,0.02644223760752174,0.19372252771413082,0.24085902527846842
125.89254117941675,0.024416605971489817,0.02585450675904532,0.1901504041866929,0.23667314194541705
128.82495516931337,0.023872747811068684,0.025279531164637964,0.1866289236334998,0.2325377407892262
131.82567385564073,0.023340743487802712,0.024717047576656402,0.18315793037319672,0.22845299045756695
134.89628825916532,0.02282034611655252,0.024166797581555002,0.17973724677497965,0.2244190289707107
138.03842646028852,0.022311313446720382,0.02362852753803298,0.1763666740354693,0.22043596434916826
141.2537544622754,0.02181340779805444,0.023101988514667465,0.17304599295665826,0.21650387526423126
144.5439770745928,0.021326395996249952,0.02258693622712317,0.16977496472349757,0.2126228117093731
147.91083881682073,0.02085004930841312,0.02208313097500651,0.1665533316797429,0.2087927956905056
151.35612484362088,0.02038414337845354,0.021590337578447777,0.16338081810075197,0.20501382193311093
154.88166189124811,0.019928458162463573,0.02110832531447507,0.16025713096199218,0.20128585860431397
158.48931924611142,0.019482777864142053,0.020636867853252146,0.15718196070208412,0.19760884804799098
162.18100973589299,0.01904689087031854,0.020175743194238635,0.15415498197927188,0.19398270753106867
165.95869074375614,0.018620589686624753,0.019724733602336623,0.15117585442028145,0.1904073299992057
169.82436524617444,0.01820367087336311,0.019283625544076963,0.14824422336059428,0.1868825848401134
173.78008287493762,0.017795934981618355,0.01885220962390063,0.1453597205752272,0.18340831865281584
177.82794100389228,0.01739718648965096,0.01843028052058384,0.14252196499917708,0.17998435602121896
181.97008586099844,0.017007233739616073,0.018017636923855593,0.13973056343675122,0.17661050029041345
186.20871366628674,0.01662588887463892,0.01761408147125035,0.13698511125906965,0.17328653434419986
190.54607179632484,0.016252967776287958,0.017219420685239135,0.1342851930890822,0.17001222138238928
194.98445997580455,0.015888290002472123,0.0168334649106764,0.1316303834735088,0.16678730569649858
199.52623149688807,0.015531678725796255,0.01645602825260287,0.1290202475411654,0.1636115134425245
204.17379446695296,0.015182960672399604,0.016086928514432726,0.12645434164719555,0.16048455340955045
208.92961308540387,0.01484196606130295,0.015725987136562005,0.12393221400278505,0.1574061177830023
213.79620895022325,0.01450852854429215,0.015373029135425133,0.12145340528998251,0.15437588290144189
218.77616239495518,0.014182485146354982,0.015027883043029478,0.11901744926131165,0.15139351000585333
223.872113856834,0.013863676206694079,0.0146903808469886,0.11662387332389479,0.14845864598043976
229.08676527677724,0.013551945320333741,0.01436035793108724,0.11427219910786754,0.14557092408401776
234.42288153199226,0.013247139280338096,0.014037653016385692,0.11196194301890011,0.1427299646711624
239.88329190194898,0.012949108020655487,0.013722108102898145,0.10969261677468721,0.13993537590231875
245.4708915685031,0.012657704559600714,0.013413568411854043,0.1074637279253098,0.13718675444215592
251.18864315095797,0.012372784943993567,0.013111882328562297,0.1052747803574043,0.1344836861455071
257.03957827688646,0.012094208193957437,0.012816901345891989,0.10312527478212026,0.1318257467302923
263.02679918953817,0.01182183624839249,0.012528480008386729,0.10101470920687461,0.1292125024368861
269.1534803926917,0.011555533911130601,0.012246475857020378,0.09894257939094353,0.12664351067344143
275.4228703338166,0.011295168797780964,0.011970749374609617,0.0969083792849669,0.1241183206467441
281.8382931264455,0.011040611283269384,0.011701163931889105,0.09491160145446409,0.12163647397821348
288.40315031266056,0.010791734450081684,0.011437585734262437,0.09295173748748968,0.11919750530473382
295.1209226666387,0.01054841403721072,0.011179883769230702,0.09102827838657737,0.11680094286402783
301.9951720402016,0.010310528389813644,0.01092792975451116,0.08914071494514873,0.11444630906434948
309.0295432513592,0.010077958409581984,0.010681598086845932,0.08728853810857791,0.11213312103830768
316.2277660168379,0.009850587505825157,0.010440765791511564,0.0854712393201286,0.109860891180679
323.5936569296284,0.009628301547268825,0.010205312472524028,0.08368831085198983,0.1076291276701059
331.1311214825911,0.00941098881456931,0.009975120263551724,0.08193924612166015,0.10543733497461691
338.8441561392027,0.009198539953542794,0.009750073779532088,0.08022353999393632,0.10328501434094375
346.73685045253166,0.008990847929109952,0.00953006006899365,0.0785406890687842,0.10117166426763768
354.81338923357566,0.008787807979951816,0.009314968567087465,0.07689019195536968,0.09909678096203102
363.0780547701014,0.00858931757387775,0.009104691049322804,0.07527154953254818,0.09705985878110543
371.5352290971724,0.008395276363900915,0.008899121586009672,0.07368426519611126,0.095060390656373
380.18939632056123,0.008205586145019313,0.008698156497407804,0.07212784509310363,0.09309786850288623
389.04514499428046,0.008020150811697218,0.008501694309573163,0.07060179834352046,0.09117178361253409
398.1071705534973,0.007838876316045486,0.008309635710909811,0.06910563724971114,0.08928162703178688
407.3802778041126,0.007661670626694032,0.008121883509414106,0.06763887749381138,0.0874268899240885
416.8693834703355,0.00748844368835337,0.007938342590615363,0.06620103832352942,0.0856070639171046
426.57951880159254,0.0073191073820568706,0.007758919876203652,0.06479164272661958,0.08382164143505348
436.5158322401661,0.007153575486086243,0.00758352428334491,0.06341021759437102,0.08207011601636888
446.683592150963,0.006991763637562939,0.007412066684673835,0.062056293874444245,0.0803519826169478
457.08818961487515,0.006833589294709518,0.007244459868964891,0.060729406713385725,0.07866673789925879
467.73514128719813,0.006678971699769287,0.007080618502470828,0.05942909558914846,0.07701388050758962
478.6300923226385,0.006527831842579265,0.0069204590909284075,0.05815490443395074,0.07539291132973143
489.77881936844614,0.006380092424790896,0.00676389994221865,0.05690638174779518,0.0738033337453958
501.18723362727246,0.006235677824729563,0.006610861129684543,0.055683080702970386,0.07224465386167597
512.8613839913648,0.00609451406288646,0.006461264456089904,0.05448455923985894,0.07071638073586722
524.8074602497728,0.005956528768037307,0.006315033418221203,0.053310380154362805,0.06921802658596442
537.0317963702527,0.00582165114397732,0.006172093172119083,0.05216011117725905,0.06774910698916242
549.5408738576248,0.0056898119368694365,0.006032370498937397,0.05103332504579373,0.06630914106868477
562.341325190349,0.0055609434031933845,0.005895793771421096,0.049929599567815675,0.06489765166927391
575.4399373371572,0.005434979278290626,0.005762292920993284,0.048848517678743736,0.0635141655216648
588.843655355589,0.005311854745498524,0.005631799405447758,0.047789667491663045,0.06215821339638429
602.5595860743581,0.005191506405862154,0.005504246177238939,0.04675264234083235,0.06082933024719641
616.5950018614822,0.005073872248419806,0.005379567652356863,0.04573704081888371,0.05952705534453127
630.9573444801937,0.004958891621052223,0.005257699679789206,0.04474246680798384,0.05825093239921906
645.6542290346556,0.004846505201886845,0.005138579511550026,0.04376852950523152,0.05700050967686012
660.6934480075957,0.004736654971251587,0.0050221457732804765,0.04281484344254337,0.055775340103151265
676.0829753919819,0.0046292841841685745,0.004908338435404326,0.04188102850128712,0.05457498136048849
691.8309709189363,0.0045243373433785546,0.004797098784831352,0.040966709921908755,0.05339899597616115
707.945784384138,0.004421760172891501,0.004688369397208882,0.04007151830879133,0.0522469514024521
724.4359600749899,0.00432149959205082,0.004582094109700635,0.0391950896305871,0.05111842008894803
741.3102413009177,0.004223503690108686,0.004478217994298764,0.03833706521623855,0.050012979547361495
758.5775750291835,0.004127721701298372,0.004376687331647846,0.03749709174692368,0.04893021240916722
776.247116628692,0.004034103980400653,0.004277449585382616,0.03667482124412482,0.047869706476334664
794.3282347242813,0.003942601978794948,0.004180453376970696,0.03586991105404086,0.04683105476545409
812.8305161640995,0.0038531682209838793,0.00408564846104343,0.03508202382853454,0.04581385554552417
831.7637711026708,0.003765756281590144,0.003992985701220233,0.03431082750281711,0.04481771236968514
851.1380382023767,0.003680320762811396,0.003902417046407423,0.033555995270049536,0.04384223410115757
870.9635899560806,0.0035968172723294684,0.003813895507571482,0.032817205553049386,0.042887034933649586
891.2509381337459,0.003515202401663819,0.003727375134972659,0.03209414197327566,0.041951734406492795
912.0108393559096,0.00343543370496491,0.0036428109958576084,0.03138649331725803,0.04103595741474317
933.2543007969914,0.0033574696782353248,0.0035601591525983014,0.03069395350063809,0.040139334214501526
954.9925860214358,0.003281269738974511,0.003479376641270177,0.03001622152997436,0.03926150042367664
977.2372209558112,0.003206794206239355,0.003400421450667984,0.02935300146246736,0.038402097018427395
1000.0,0.0031340042811121033,0.0033232525017417446,0.028704002363744395,0.037560770325501154
1023.2929922807547,0.0030628620275690785,0.0032478296274545695,0.02806893826384857,0.036737172010682426
1047.1285480508996,0.002993330353743078,0.003174113553050387,0.027447528111561342,0.035930959063563826
1071.519305237607,0.002925372993571559,0.003102065876724076,0.026839495727189664,0.03514179377883602
1096.4781961431852,0.0028589544888253642,0.003031649050690421,0.026244569753943348,0.034369343734295
1122.018454301964,0.0027940401715086877,0.0029628263626397438,0.02566248360801291,0.03361328176575262
1148.1536214968828,0.002730596146625492,0.0028955619175780266,0.02509297542747094,0.032873285939035136
1174.8975549395302,0.002668589275303748,0.0028298206200406853,0.02453578802009737,0.032149039519242036
1202.2644346174131,0.0026079871582725157,0.0027655681566764877,0.02399066881023469,0.031440230937437655
1230.268770812381,0.0025487581196849507,0.002702770979191679,0.023457369784774015,0.030746553754937882
1258.9254117941675,0.0024908711912789857,0.0026413962876490997,0.022935647438362763,0.03006770662534778
1288.2495516931335,0.00243429609687115,0.0025814120141179116,0.022425262717926032,0.029403393254504584
1318.2567385564073,0.002379003237177513,0.0025227868066619694,0.02192598096658665,0.028753322358467417
1348.9628825916532,0.00232496367495372,0.002465490013666239,0.02143757186706588,0.028117207619700078
1380.3842646028852,0.002272149120447917,0.002409491668490703,0.02095980938464292,0.02749476764157247
1412.537544622754,0.002220531917164854,0.0023547624744470973,0.020492471709745354,0.026885725901319695
1445.439770745928,0.00217008502792664,0.0023012737900949395,0.020035341200242647,0.026289810701572602
1479.108388168207,0.0021207820212343844,0.0022489976148422604,0.019588204323507906,0.02570675512058734
1513.5612484362086,0.0020725970579170863,0.002197906574858448,0.01915085159831283,0.025136296961279402
1548.816618912481,0.0020255048780657764,0.0021479739092798134,0.01872307753661305,0.024578178699177385
1584.893192461114,0.0019794807882463697,0.002099173456709095,0.018304680585281154,0.024032147429395648
1621.8100973589299,0.0019345006489859733,0.0020514796420049402,0.017895463067844522,0.02349795481272616
1659.5869074375614,0.0018905408625273141,0.0020048674633497588,0.017495231126272832,0.022975357020948745
1698.2436524617442,0.0018475783608442348,0.001959312479594835,0.01710379466286598,0.022464114681440175
1737.8008287493763,0.0018055905939165372,0.0019147907978757628,0.016720967282287624,0.02196399282117913
1778.2794100389228,0.0017645555182561204,0.0018712790614925665,0.01634656623378579,0.02147476081022248
1819.7008586099844,0.001724451585678592,0.0018287544380493819,0.015980412353639655,0.020996192304730994
1862.0871366628676,0.001685257732320206,0.001787194607849417,0.015622330007870519,0.020528065189622302
1905.4607179632483,0.0016469533678879164,0.001746577752540705,0.015272147035251897,0.020070161520918887
1949.8445997580454,0.0016095183651457312,0.0017068825440017322,0.014929694690652261,0.01962226746785845
1995.262314968881,0.0015729330496252318,0.0016680881334723608,0.014594807588736606,0.019184173254829535
2041.7379446695295,0.0015371781895614646,0.0016301741409147238,0.014267323648062876,0.018755673103194065
2089.2961308540407,0.0015022349860454372,0.0015931206446072217,0.01394708403559092,0.018336565173054126
2137.9620895022326,0.0014680850633914948,0.0015569081709608436,0.01363393311163722,0.017926651505010657
2187.761623949552,0.0014347104597140408,0.0015215176845595323,0.01332771837528972,0.017525737961976987
2238.72113856834,0.0014020936177085261,0.0014869305784131035,0.01302829041031112,0.01713363417108037
2290.8676527677726,0.0013702173756344992,0.001453128664423412,0.012735502831544116,0.01675015346570901
2344.228815319923,0.0013390649584948402,0.001420094164059156,0.01244921223184182,0.01637511282773959
2398.83291901949,0.0013086199694065945,0.0013878096992314378,0.012169278129533395,0.016008332829989303
2454.708915685031,0.0012788663811624666,0.0013562582833672914,0.01189556291644622,0.015649637578925745
2511.88643150958,0.001249788527974692,0.0013254233126828814,0.011627931806493366,0.015298854657676313
2570.3957827688646,0.0012213710974012392,0.0012952885576402056,0.011366252784839683,0.014955815069360685
2630.2679918953813,0.0011935991224491255,0.0012658381545971047,0.011110396557659965,0.014620353180787889
2691.5348039269165,0.0011664579738485676,0.0012370565976342648,0.01086023650249478,0.014292306666536128
2754.2287033381663,0.001139933352499915,0.0012089287305665165,0.010615648619215604,0.013971516453448265
2818.382931264455,0.0011140112820853274,0.0011814397391253235,0.010376511481606562,0.013657826665569387
2884.0315031266055,0.0010886781018411933,0.0011545751433120368,0.010142706189567415,0.013351084569541458
2951.209226666387,0.0010639204594928378,0.001128320789924642,0.009914116321945145,0.013051140520482342
3019.9517204020162,0.0010397253043421663,0.001102662845241684,0.009690627890000063,0.012757847908370217
3090.295432513592,0.0010160798805094724,0.0010775877878731947,0.009472129291506943,0.01247106310494489
3162.2776601683795,0.0009929717203222305,0.001053082401763484,0.009258511265494752,0.012190645411145723
3235.9365692962842,0.0009703886378535828,0.0010291337693526244,0.009049666847632672,0.011916457005105716
3311.311214825911,0.0009483187225987339,0.0010057292648864636,0.00884549132625583,0.011648362890705385
3388.4415613920273,0.0009267503332951986,0.0009828565478738648,0.008645882199037329,0.011386230846708178
3467.368504525317,0.0009056720918780828,0.0009605035566893406,0.008450739130304506,0.01112993137648291
3548.1338923357566,0.0008850728775685196,0.0009386585023174747,0.008259963909000767,0.010879337658325496
3630.780547701014,0.0008649418210942828,0.0009173098622343936,0.008073460407288839,0.010634325496387138
3715.3522909717276,0.000845268299038762,0.0008964463744243039,0.00789113453979798,0.010394773272218211
3801.8939632056126,0.0008260419283135213,0.0008760570315309728,0.007712894223510691,0.010160561896934242
3890.4514499428046,0.0008072525607560408,0.0008561310751352902,0.007538649338286228,0.009931574764008457
3981.0717055349733,0.000788890277843751,0.0008366579901636761,0.007368311688020015,0.00970769770269603
4073.802778041126,0.0007709453855306448,0.0008176274994159454,0.007201794962433818,0.009488818932096243
4168.693834703355,0.0007534084091937311,0.0007990295582184964,0.007039014699494305,0.00927482901585201
4265.795188015925,0.0007362700886944711,0.0007808543491942258,0.006879888248454614,0.009065620817492277
4365.158322401661,0.0007195213735508675,0.0007630922771496575,0.006724334733516111,0.008861089456417346
4466.835921509631,0.000703153418214323,0.0007457339640746049,0.006572275018104191,0.00866113226452759
4570.881896148751,0.0006871575774540554,0.000728770244253641,0.006423631669755014,0.008465648743497815
4677.351412871981,0.0006715254018431996,0.0007121921594870276,0.006278328925605176,0.008274540522695025
4786.300923226385,0.0006562486333471962,0.0006959909544174735,0.006136292658482635,0.008087711317739858
4897.7881936844615,0.0006413192010076243,0.0006801580719597703,0.005997450343589839,0.00790506688970975
5011.872336272725,0.0006267292167263009,0.0006646851488355688,0.005861731025774084,0.0077265150049822115
5128.613839913648,0.0006124709711389759,0.0006495640112033763,0.005729065287381023,0.007551965395715275
5248.074602497728,0.0005985369295857099,0.000634786670390569,0.0055993852166818245,0.007381329720963099
5370.317963702527,0.0005849197281688202,0.0006203453187169411,0.005472624376871174,0.007214521528423032
5495.408738576248,0.0005716121698983777,0.0006062323254135497,0.005348717775625918,0.007051456216810331
5623.413251903491,0.0005586072209264496,0.0005924402326325881,0.005227601835220863,0.006892050998857725
5754.399373371572,0.0005458980068641278,0.0005789617515453404,0.005109214363192921,0.006736224864932021
5888.43655355589,0.000533477809179535,0.0005657897585295387,0.004993494523548538,0.0065838985472695235
6025.5958607435805,0.0005213400616787025,0.0005529172914384275,0.004880382808504389,0.006434994484817274
6165.9500186148225,0.0005094783470663693,0.0005403375459579946,0.004769821010759561,0.006289436788682693
6309.573444801937,0.0004978863935795869,0.0005280438720412504,0.00466175219628549,0.006147151208180928
6456.542290346556,0.00048655807170125555,0.0005160297704265367,0.004556120677633841,0.006008065097476287
6606.9344800759645,0.00047548739094414915,0.0005042888892290142,0.00445287198774788,0.005872107382810659
6760.829753919818,0.00046466849670949683,0.0004928150206136903,0.004351952854275311,0.005739208530316286
6918.309709189362,0.0004540956672137502,0.0004816020975392593,0.004253311174375532,0.0056093005144019605
7079.457843841381,0.00044376331048730016,0.00047064419057701076,0.004156895990008772,0.005482316786709067
7244.359600749898,0.0004336659614373447,0.0004599355047996934,0.004062657463706287,0.005358192245631785
7413.102413009177,0.0004237982789791166,0.00044947037674175253,0.003970546854810336,0.005236863206391958
7585.775750291836,0.00041415504323041944,0.0004392432714262933,0.0038805164961781854,0.005118267371663615
7762.4711662869195,0.0004047311527704644,0.00042924877946044245,0.00379251977134312,0.005002343802741794
7943.282347242814,0.0003955216219577497,0.00041948161419373415,0.0037065110921243563,0.004889032891244583
8128.305161640995,0.0003865215783120468,0.00040993660894257704,0.003622445876679418,0.004778276331346618
8317.63771102671,0.00037772625995098803,0.00040060871427672766,0.003540280527991947,0.004670017092532696
8511.380382023768,0.0003691310130891176,0.00039149299536400515,0.003459972412786656,0.00456419939286479
8709.635899560804,0.00036073128958813097,0.00038258462938013427,0.003381479840867089,0.004460768672761091
8912.509381337459,0.0003525226445670127,0.00037387890297160804,0.0033047620448656014,0.004359671569270275
9120.108393559096,0.00034450073406243196,0.0003653712097777437,0.0032297791604008435,0.004260855890841545
9332.543007969914,0.0003366613127439953,0.0003570570480090316,0.003156492206636531,0.004164270592580487
9549.925860214358,0.0003290002316795577,0.0003489320180804677,0.003084863067231787,0.0040698657519836695
9772.37220955811,0.0003215134361525238,0.0003409918202949689,0.0030148544716797096,0.003977592545143104
10000.0,0.0003141969635266176,0.0003332322525834729,0.0029464299770244244,0.0038874032234182338
10232.929922807536,0.00030704694115990685,0.00032564920829215036,0.0028795539499512786,0.003799251090560991
10471.285480509006,0.0003000595843652835,0.00031823867402163114,0.0028141915492453477,0.003713090480294165
10715.193052376071,0.00029323119441796445,0.00031099672751510476,0.0027503087086072782,0.0036288767343320844
10964.78196143185,0.00028655815660615406,0.00030391953559140634,0.0026878721198250596,0.003546566180833477
11220.18454301963,0.00028003693832780017,0.0002970033521290388,0.0026268492162909297,0.0034661161132881644
11481.53621496884,0.0002736640872286624,0.00029024451609096277,0.0025672081568604453,0.0033874847698210503
11748.975549395303,0.00026743622938198733,0.00028363944959750763,0.002508917810046402,0.0033106313129130263
12022.644346174131,0.0002613500675137741,0.00027718465604121466,0.0024519477385390944,0.003235515809528389
12302.68770812381,0.00025540237926070856,0.0002708767182453486,0.0023962681840514473,0.00316209921164299
12589.254117941662,0.00024959001547308343,0.00026471229666080357,0.002341850052478719,0.003090343337165793
12882.495516931349,0.0002439098985547887,0.0002586881276088776,0.002288664899369209,0.0030202108512493034
13182.567385564074,0.00023835902084005844,0.00025280102155919164,0.0022366849157001755,0.002951665247977825
13489.628825916532,0.00023293444300693663,0.0002470478614483111,0.0021858829139499757,0.002884670832430592
13803.842646028837,0.00022763329252732241,0.00024142560103705308,0.002136232314467164,0.0028191927031121014
14125.375446227554,0.00022245276215118138,0.000235931263303622,0.0020877071321235684,0.002755196734741329
14454.39770745928,0.00021739010842621834,0.00023056193887362232,0.002040281963250713,0.002692649561398014
14791.083881682072,0.00021244265024967902,0.0002253147844862051,0.001993931972853865,0.002631518560012622
15135.612484362071,0.00020760776745421718,0.00022018702149225375,0.0019486328820937497,0.0025717718342015737
15488.166189124828,0.00020288289942401263,0.00021517593439096926,0.0019043609560380264,0.0025133781984330097
15848.93192461114,0.00019826554374438598,0.00021027886939560284,0.0018610929916714816,0.0024563071625267495
16218.100973589299,0.00019375325488025494,0.0002054932330329795,0.0018188063061605722,0.0024005289164718566
16595.869074375598,0.00018934364288513092,0.00020081649077574113,0.001777478725371205,0.002346014315564381
16982.43652461746,0.00018503437213919185,0.00019624616570328523,0.0017370885726291374,0.0022927348658549032
17378.00828749376,0.00018082316011701187,0.00019177983719622106,0.0016976146577236454,0.002240662709900101
17782.794100389227,0.00017670777618044502,0.00018741513965579053,0.0016590362661441608,0.0021897706128147206
18197.008586099826,0.00017268604040225236,0.0001831497612577721,0.001621333148550773,0.0021400319486171325
18620.871366628693,0.00016875582241342106,0.00017898144273010864,0.0015844855104694352,0.002091420686860891
19054.607179632483,0.0001649150402794344,0.00017490797615992042,0.0015484740022091137,0.0020439113795514934
19498.445997580453,0.00016116165939834118,0.0001709272038281439,0.0015132797089965227,0.0019974791483368904
19952.62314968879,0.00015749369142777466,0.0001670370170691523,0.001478884141325318,0.001952099671971708
20417.379446695315,0.00015390919323412367,0.00016323535515747113,0.0014452692255107608,0.0019077491740476743
20892.96130854041,0.00015040626586397613,0.00015952020421976996,0.001412417294452277,0.0018644044109831755
21379.620895022323,0.0001469830535436644,0.0001558895961689348,0.0013803110785938003,0.0018220426602704287
21877.616239495517,0.00014363774269581,0.00015234160766639315,0.0013489336970800012,0.0017806417089724642
22387.211385683422,0.00014036856098221536,0.00014887435910446436,0.0013182686491077379,0.001740179842467027
22908.676527677748,0.0001371737763670772,0.00014548601361414468,0.0012882998054611057,0.0017006358334305627
23442.288153199228,0.0001340516962004359,0.00014217477609340152,0.0012590114002349513,0.0016619889310576482
23988.329190194898,0.00013100066632563967,0.00013893889225942026,0.0012303880227355634,0.0016242188505146287
24547.089156850285,0.0001280190702018418,0.00013577664772015106,0.0012024146095597666,0.0015873057626159743
25118.86431509582,0.00012510532805156782,0.00013268636706935557,0.0011750764368459224,0.0015512302837270282
25703.957827688646,0.0001222578960244617,0.0001296664130003368,0.0011483591126960498,0.001515973465880602
26302.679918953814,0.00011947526538170186,0.00012671518544038007,0.0011222485697616733,0.0014815167871115172
26915.348039269138,0.00011675596169709666,0.00012383112070464168,0.0010967310579925527,0.001447842141993545
27542.28703338169,0.00011409854407828844,0.00012101269066994693,0.0010717931375459392,0.0014149318323882947
28183.82931264455,0.0001115016044046952,0.00011825840196640505,0.00104742167184949,0.001382768558389391
28840.31503126606,0.00010896376658176641,0.00011556679518756428,0.0010236038208164327,0.0013513354094650337
29512.09226666384,0.00010648368581449092,0.00011293644411883267,0.0010003270342120018,0.001320615855793078
30199.51720402019,0.00010406004789507071,0.00011036595498370089,0.000977579045163593,0.0012905937397844514
30902.95432513592,0.00010169156850823043,0.00010785396570559919,0.0009553478638146802,0.0012612532677893883
31622.776601683792,9.937699255134793e-05,0.0001053991451881418,0.0009336217711178193,0.0012325790019873009
32359.36569296281,9.711509347122343e-05,0.00010300019261058267,0.0009123893127665718,0.0012045558524515251
33113.11214825915,9.490467261440369e-05,0.00010065583674018741,0.0008916392932577783,0.0011771690693872154
33884.415613920275,9.27445585937159e-05,9.836483526001569e-05,0.000871360770088975,0.0011504042355400582
34673.685045253165,9.063360666680537e-05,9.612597411010683e-05,0.0008515430480801613,0.0011242472587702933
35481.33892335753,8.857069813318695e-05,9.393806684762445e-05,0.0008321756738248754,0.0010986843647895093
36307.80547701017,8.655473973978195e-05,9.1799954016978e-05,0.0008132484302600696,0.0010737020900563564
37153.52290971728,8.45846631032448e-05,8.971050253734936e-05,0.0007947513313597283,0.0010492872748287696
38018.93963205613,8.265942414519013e-05,8.766860510260945e-05,0.0007766746169449308,0.0010254270563684234
38904.51449942805,8.077800253897243e-05,8.567317959641446e-05,0.0007590087476071007,0.001002108862293686
39810.71705534977,7.893940116945017e-05,8.372316851851552e-05,0.0007417443997458326,0.000979320404080116
40738.0277804113,7.714264560573387e-05,8.181753842504238e-05,0.0007248724607177014,0.000957049670703387
41686.93834703355,7.538678358484249e-05,7.995527938255313e-05,0.0007083840240902483,0.0009352849224215565
42657.95188015926,7.367088450890677e-05,7.813540443300999e-05,0.000692270385002763,0.0009140146846961396
43651.58322401656,7.199403895108054e-05,7.635694907084691e-05,0.0006765230356310272,0.0008932277422456714
44668.359215096345,7.035535817451217e-05,7.461897073317087e-05,0.00066113366075125,0.0008729131332307254
45708.818961487515,6.875397366302287e-05,7.292054830082811e-05,0.0006460941334040996,0.0008530601435689879
46773.51412871981,6.718903665961478e-05,7.126078161059429e-05,0.0006313965106544596,0.0008336583013739805
47863.0092322638,6.565971771819141e-05,6.963879097867282e-05,0.0006170330294458631,0.0008146973715169355
48977.881936844664,6.416520626381791e-05,6.80537167347184e-05,0.0006029961025488116,0.0007961673503119928
50118.72336272725,6.270471016453196e-05,6.650471876773793e-05,0.0005892783145957415,0.0007780584603150041
51286.13839913648,6.127745531076746e-05,6.499097607973459e-05,0.0005758724182087705,0.0007603611452409217
52480.74602497723,5.988268520624534e-05,6.351168635318111e-05,0.0005627713302116382,0.0007430660649913086
53703.17963702532,5.851966056650794e-05,6.206606552302487e-05,0.0005499681279253438,0.0007261640907937347
54954.08738576248,5.718765892922975e-05,6.065334736653991e-05,0.0005374560455498278,0.0007096463004507956
56234.13251903491,5.588597426952575e-05,5.927278309124913e-05,0.0005252284706223473,0.0006935039736901649
57543.993733715666,5.4613916627323896e-05,5.7923640944376e-05,0.0005132789405591622,0.0006777285876223793
58884.36553555896,5.3370811741958636e-05,5.660520582112973e-05,0.0005016011392709592,0.0006623118122966222
60255.95860743581,5.215600069491527e-05,5.531677888879451e-05,0.0004901888938565965,0.0006472455063583591
61659.50018614822,5.096883956010448e-05,5.4057677214810645e-05,0.0004790361713700691,0.0006325217128006081
63095.7344480193,4.9808699064545103e-05,5.282723340658608e-05,0.00046813707565943285,0.0006181326548121138
64565.422903465624,4.8674964253092054e-05,5.162479525677736e-05,0.00045748584427670285,0.0006040707317171084
66069.34480075965,4.756703416440269e-05,5.044972539809484e-05,0.0004470768454578075,0.0005903285150052281
67608.29753919819,4.6484321511871506e-05,4.930140096722402e-05,0.0004369045751691272,0.0005768987444518558
69183.09709189362,4.542625237203559e-05,4.817921327271584e-05,0.0004269636542218034,0.0005637743243221098
70794.57843841388,4.439226588223788e-05,4.7082567474369735e-05,0.0004172488254481538,0.0005509483196629495
72443.59600749906,4.338181394162281e-05,4.6010882267569686e-05,0.00040775495094492385,0.0005384139526752478
74131.02413009177,4.2394360922041454e-05,4.496358957459701e-05,0.00039847700937561866,0.0005261645991692184
75857.75750291835,4.142938338403971e-05,4.3940134245224837e-05,0.0003894100933348727,0.0005141937850965459
77624.71166286911,4.048636979957348e-05,4.293997376120493e-05,0.0003805494067712444,0.0005024951831632613
79432.82347242821,3.956482028020403e-05,4.196257795044159e-05,0.000371890262468699,0.0004910626095158962
81283.05161640995,3.866424631421423e-05,4.100742870498707e-05,0.0003634280795839612,0.0004798900205029624
83176.37711026709,3.778417050588883e-05,4.007401970650689e-05,0.0003551583812406611,0.00046897150950870784
85113.80382023759,3.6924126323571504e-05,3.916185615856912e-05,0.0003470767921744496,0.0004583013038570575
87096.35899560814,3.608365785248697e-05,3.827045452518839e-05,0.00033917903643528003,0.0004478737617878162
89125.0938133746,3.526231955286987e-05,3.739934227284471e-05,0.0003314609351384389,0.00043768336949562964
91201.08393559097,3.4459676023526875e-05,3.6548057621972904e-05,0.0003239184042667638,0.00042772473824089516
93325.43007969906,3.367530177292666e-05,3.5716149300889836e-05,0.0003165474525233147,0.0004179926015216217
95499.25860214369,3.290878099147794e-05,3.490317630862282e-05,0.0003093441792315814,0.00040848181231007644
97723.72209558112,3.215970733306644e-05,3.410870767835348e-05,0.0003023047722825784,0.0003991873403520514
100000.0,3.142768369817742e-05,3.333232225257703e-05,0.0002954255061296948,0.00039010426952559396
